epoch,train_acc,train_cost,test_acc
0,0.1085,2.3041832,0.1075
1,0.1314,2.292414,0.1325
2,0.1336,2.2831519,0.126
3,0.1519,2.2743332,0.139
4,0.1737,2.2651196,0.1665
5,0.1876,2.2549505,0.1835
6,0.2124,2.244152,0.1975
7,0.2059,2.2319221,0.199
8,0.2195,2.218782,0.21
9,0.2237,2.204157,0.211
10,0.2232,2.1879232,0.209
11,0.2396,2.170616,0.2215
12,0.2389,2.1523314,0.2215
13,0.2442,2.133407,0.2325
14,0.2549,2.1143167,0.244
15,0.2612,2.0956388,0.2475
16,0.2585,2.0789297,0.249
17,0.2635,2.0634105,0.2545
18,0.2691,2.0492759,0.2535
19,0.2661,2.036993,0.249
20,0.2669,2.0268822,0.271
21,0.2779,2.0171735,0.2685
22,0.2722,2.0137467,0.27
23,0.2845,1.9985223,0.277
24,0.2869,1.9901656,0.27
25,0.2925,1.9840242,0.2875
26,0.2909,1.9773883,0.2835
27,0.2952,1.9699594,0.294
28,0.29,1.9686588,0.29
29,0.3006,1.9593674,0.292
30,0.2993,1.9546568,0.289
31,0.2995,1.9498068,0.2985
32,0.3049,1.9439133,0.2895
33,0.3056,1.9325455,0.3005
34,0.3036,1.9313291,0.2985
35,0.3113,1.9223387,0.305
36,0.3154,1.9162438,0.3085
37,0.3161,1.9147022,0.311
38,0.3177,1.9117719,0.3125
39,0.3167,1.9052486,0.3055
40,0.3196,1.8997811,0.3135
41,0.3234,1.8897632,0.314
42,0.3203,1.8920754,0.308
43,0.3237,1.8849587,0.313
44,0.3277,1.8778367,0.3165
45,0.3338,1.8731188,0.3195
46,0.3366,1.8668317,0.325
47,0.3328,1.8609742,0.328
48,0.3342,1.8574136,0.333
49,0.335,1.8527566,0.3285
50,0.3331,1.8500168,0.3215
51,0.3336,1.8560492,0.323
52,0.3466,1.8406191,0.3405
53,0.3307,1.8830445,0.3175
54,0.3394,1.8342787,0.3295
55,0.3531,1.8261826,0.34
56,0.3369,1.8430094,0.3315
57,0.349,1.8191906,0.3375
58,0.3567,1.8126554,0.3335
59,0.3603,1.807073,0.3425
60,0.3563,1.8066266,0.3465
61,0.3429,1.8342924,0.3295
62,0.3654,1.7954018,0.351
63,0.3596,1.8048102,0.34
64,0.3634,1.7905375,0.3555
65,0.3619,1.7889326,0.343
66,0.3634,1.7831566,0.3465
67,0.3736,1.7772082,0.354
68,0.3716,1.7752856,0.362
69,0.3727,1.7711029,0.3525
70,0.3634,1.7828754,0.35
71,0.3695,1.7716187,0.346
72,0.3776,1.7675282,0.355
73,0.3648,1.783582,0.3565
74,0.3755,1.7602942,0.3565
75,0.3742,1.7557343,0.3565
76,0.3833,1.7480234,0.371
77,0.3846,1.7487875,0.373
78,0.3786,1.7484301,0.358
79,0.3821,1.7425555,0.361
80,0.3922,1.732575,0.371
81,0.3907,1.7308367,0.37
82,0.3799,1.7374262,0.3575
83,0.3755,1.7387304,0.3585
84,0.3929,1.7174094,0.375
85,0.3909,1.73271,0.361
86,0.3946,1.7245184,0.3835
87,0.3925,1.713159,0.366
88,0.4011,1.711602,0.3805
89,0.3931,1.7100182,0.377
90,0.4015,1.7029781,0.3775
91,0.3871,1.7148829,0.357
92,0.3872,1.713184,0.3775
93,0.4035,1.692023,0.3805
94,0.3885,1.7335691,0.3775
95,0.4033,1.6858834,0.3835
96,0.4021,1.684973,0.3825
97,0.3906,1.6964879,0.37
98,0.4034,1.683859,0.3905
99,0.4054,1.6638832,0.392
100,0.4066,1.6623791,0.393
101,0.4086,1.6702375,0.3885
102,0.4007,1.6764219,0.386
103,0.4013,1.6648748,0.3905
104,0.4183,1.6616918,0.403
105,0.4139,1.656134,0.4005
106,0.4209,1.6468463,0.3995
107,0.4012,1.6526488,0.3905
108,0.4223,1.6327032,0.406
109,0.4198,1.6431293,0.3965
110,0.4222,1.6345968,0.405
111,0.3739,1.7048677,0.3615
112,0.4151,1.6317341,0.394
113,0.4222,1.6194465,0.4035
114,0.424,1.6214939,0.3975
115,0.4243,1.6144527,0.4125
116,0.424,1.6199025,0.4085
117,0.4188,1.6372939,0.4075
118,0.4273,1.6086596,0.414
119,0.4055,1.6272521,0.3935
120,0.4281,1.6002406,0.417
121,0.4253,1.6095681,0.4125
122,0.395,1.6803781,0.3775
123,0.4313,1.6198255,0.4145
124,0.423,1.6137072,0.4025
125,0.4306,1.5854932,0.41
126,0.4194,1.629496,0.41
127,0.4276,1.5845312,0.414
128,0.4337,1.5916445,0.416
129,0.437,1.5746391,0.4175
130,0.4331,1.5831696,0.4115
131,0.4366,1.5920122,0.4205
132,0.4417,1.5698719,0.419
133,0.4355,1.5854117,0.419
134,0.4402,1.561638,0.4215
135,0.4441,1.5574639,0.428
136,0.4434,1.5654927,0.43
137,0.4449,1.5548706,0.4355
138,0.447,1.5549427,0.425
139,0.4103,1.6565104,0.389
140,0.4356,1.5652927,0.418
141,0.4481,1.5492432,0.4345
142,0.4563,1.5363494,0.442
143,0.4233,1.6127913,0.402
144,0.4462,1.5544348,0.427
145,0.418,1.6121435,0.4055
146,0.3737,1.6898336,0.364
147,0.458,1.5298527,0.4325
148,0.4549,1.5364485,0.4375
149,0.4427,1.5501477,0.4295
150,0.46,1.5277065,0.442
151,0.4329,1.589916,0.414
152,0.4483,1.5365249,0.4325
153,0.4568,1.5208424,0.4365
154,0.4534,1.5311712,0.4355
155,0.4419,1.5732782,0.427
156,0.4539,1.5180478,0.4325
157,0.4455,1.553868,0.434
158,0.4319,1.5538117,0.41
159,0.4533,1.5378209,0.4385
160,0.4385,1.5525571,0.415
161,0.4667,1.5005703,0.4425
162,0.4694,1.5012461,0.4575
163,0.4498,1.5126414,0.437
164,0.4586,1.5055804,0.442
165,0.4532,1.53554,0.4305
166,0.4624,1.5050962,0.439
167,0.4515,1.5346423,0.4395
168,0.4676,1.5090833,0.447
169,0.4756,1.4882605,0.4535
170,0.468,1.4949186,0.4535
171,0.4727,1.4843464,0.4525
172,0.4398,1.5774432,0.4295
173,0.4671,1.5019717,0.4325
174,0.4628,1.521298,0.4465
175,0.4738,1.481026,0.455
176,0.4501,1.5559355,0.4265
177,0.4638,1.5138739,0.429
178,0.4651,1.494859,0.4495
179,0.4449,1.5774544,0.4305
180,0.4371,1.5704771,0.425
181,0.4645,1.5059023,0.448
182,0.4566,1.5496795,0.4405
183,0.4494,1.5704854,0.4315
184,0.4734,1.4831858,0.4615
185,0.4741,1.4841452,0.453
186,0.4801,1.4675575,0.459
187,0.4669,1.4963938,0.4445
188,0.4601,1.4964771,0.438
189,0.4492,1.5813771,0.441
190,0.4799,1.4813128,0.4635
191,0.4368,1.5529644,0.4035
192,0.4572,1.5260029,0.433
193,0.4772,1.4726827,0.445
194,0.4863,1.4511026,0.462
195,0.481,1.4771278,0.4555
196,0.4571,1.5393813,0.435
197,0.4761,1.4622065,0.452
198,0.4768,1.4917033,0.454
199,0.4404,1.5652744,0.4265
200,0.4777,1.4776825,0.456
201,0.4728,1.4782231,0.4515
202,0.4573,1.5355111,0.435
203,0.4905,1.4476643,0.4665
204,0.4923,1.4416685,0.465
205,0.4888,1.4454612,0.4615
206,0.4703,1.4733211,0.4445
207,0.4714,1.4685166,0.462
208,0.4166,1.7348436,0.3985
209,0.4981,1.4281288,0.473
210,0.4758,1.4728029,0.4515
211,0.4533,1.5715362,0.4185
212,0.4857,1.4402837,0.4575
213,0.4824,1.4667529,0.4545
214,0.4328,1.6151788,0.4155
215,0.4899,1.4507698,0.464
216,0.4502,1.5527914,0.4125
217,0.4943,1.4334788,0.4685
218,0.4296,1.6112176,0.4055
219,0.4305,1.6414266,0.41
220,0.4932,1.4182992,0.463
221,0.4855,1.4752014,0.4525
222,0.4919,1.4297494,0.4605
223,0.4856,1.4603683,0.45
224,0.4898,1.4369245,0.463
225,0.4841,1.427534,0.462
226,0.4682,1.5033989,0.439
227,0.505,1.4024165,0.472
228,0.4931,1.414887,0.477
229,0.4595,1.5071841,0.4185
230,0.4652,1.5103352,0.439
231,0.4719,1.495863,0.439
232,0.5004,1.4153324,0.4675
233,0.4721,1.5170852,0.441
234,0.425,1.6503224,0.394
235,0.4741,1.4684149,0.4325
236,0.5043,1.4087646,0.4805
237,0.4653,1.4942738,0.456
238,0.5069,1.4091951,0.4765
239,0.4933,1.4287262,0.4645
240,0.4858,1.4306277,0.473
241,0.492,1.4285716,0.4465
242,0.4976,1.4348736,0.4615
243,0.5058,1.4019799,0.4665
244,0.512,1.3862509,0.471
245,0.4862,1.4603529,0.4635
246,0.5031,1.4049048,0.4865
247,0.5051,1.3990016,0.469
248,0.4804,1.4882643,0.4445
249,0.5071,1.3910319,0.4705
250,0.493,1.4443065,0.473
251,0.4856,1.4794627,0.4545
252,0.5007,1.4272653,0.464
253,0.5175,1.3732262,0.4835
254,0.5167,1.3775133,0.479
255,0.4847,1.4494362,0.443
256,0.4984,1.4364668,0.4625
257,0.5095,1.3881434,0.477
258,0.4867,1.4425086,0.438
259,0.4696,1.4696375,0.448
260,0.4917,1.4131943,0.46
261,0.5001,1.4042572,0.4735
262,0.4653,1.5116847,0.434
263,0.5169,1.3809493,0.4815
264,0.452,1.5890125,0.4335
265,0.5002,1.416067,0.462
266,0.5084,1.3901354,0.4745
267,0.501,1.4037538,0.4765
268,0.4441,1.5546224,0.4025
269,0.5089,1.4021739,0.4725
270,0.5109,1.3888224,0.4845
271,0.4966,1.4734818,0.47
272,0.4957,1.4309587,0.4505
273,0.5046,1.4256641,0.468
274,0.506,1.4107267,0.4635
275,0.5012,1.4349223,0.4695
276,0.5209,1.3555826,0.484
277,0.5181,1.3676809,0.487
278,0.5219,1.3545908,0.4885
279,0.5027,1.3834947,0.474
280,0.4744,1.4572062,0.4435
281,0.5192,1.3535379,0.4895
282,0.4857,1.4725075,0.464
283,0.5216,1.3549924,0.4805
284,0.4964,1.4237859,0.4675
285,0.4953,1.3916062,0.463
286,0.5228,1.339216,0.499
287,0.5025,1.3847269,0.472
288,0.5242,1.3389016,0.487
289,0.4808,1.4933177,0.4625
290,0.5279,1.347835,0.4895
291,0.503,1.4102843,0.4605
292,0.5179,1.3579266,0.488
293,0.5185,1.3438799,0.483
294,0.5291,1.3533754,0.4865
295,0.4993,1.4485587,0.469
296,0.5304,1.3425554,0.494
297,0.4971,1.4088881,0.4715
298,0.4425,1.577149,0.418
299,0.4822,1.5063032,0.453
300,0.5169,1.354937,0.4755
301,0.5102,1.3668975,0.478
302,0.5121,1.3711948,0.48
303,0.5344,1.3236004,0.4905
304,0.5015,1.3997545,0.46
305,0.5382,1.3119533,0.496
306,0.4488,1.5999407,0.4085
307,0.5189,1.3713932,0.497
308,0.5213,1.3522364,0.497
309,0.5321,1.3252629,0.496
310,0.5363,1.3248297,0.5045
311,0.5193,1.3514322,0.488
312,0.5377,1.3170594,0.4945
313,0.4939,1.4167753,0.465
314,0.5284,1.3301806,0.491
315,0.5419,1.3053424,0.503
316,0.5341,1.3211794,0.4945
317,0.5152,1.3356305,0.4865
318,0.5072,1.3993262,0.4685
319,0.519,1.3413881,0.4875
320,0.4952,1.4078814,0.471
321,0.5171,1.3583332,0.48
322,0.5157,1.3699639,0.4745
323,0.5408,1.3049648,0.5035
324,0.5194,1.3520062,0.498
325,0.5378,1.3226305,0.503
326,0.5439,1.3073004,0.4895
327,0.5023,1.457698,0.4805
328,0.5062,1.365588,0.469
329,0.5522,1.2829615,0.5005
330,0.5002,1.4179833,0.468
331,0.5406,1.2910383,0.5045
332,0.5521,1.2871385,0.514
333,0.5139,1.3551913,0.476
334,0.5417,1.3039747,0.508
335,0.5049,1.3766965,0.4825
336,0.5147,1.3661094,0.4865
337,0.513,1.3853151,0.469
338,0.5435,1.3004531,0.507
339,0.5358,1.3065554,0.4925
340,0.4792,1.482367,0.4545
341,0.5106,1.3929412,0.4805
342,0.5476,1.3033518,0.4945
343,0.5509,1.2945137,0.5
344,0.5338,1.3051164,0.4985
345,0.4981,1.418995,0.4625
346,0.5479,1.3036408,0.5035
347,0.4985,1.4141011,0.47
348,0.557,1.2775306,0.5065
349,0.5577,1.2778867,0.51
350,0.5582,1.2739071,0.507
351,0.5259,1.3390108,0.488
352,0.505,1.4110563,0.4795
353,0.5026,1.48173,0.4705
354,0.5645,1.2580684,0.51
355,0.5367,1.3337194,0.4985
356,0.5477,1.275639,0.5025
357,0.5565,1.2634411,0.509
358,0.547,1.2726692,0.5155
359,0.5273,1.3211452,0.489
360,0.5503,1.2714257,0.4965
361,0.5578,1.2563146,0.524
362,0.5325,1.3054414,0.501
363,0.5495,1.2743697,0.5125
364,0.4649,1.5098387,0.4215
365,0.4572,1.6381288,0.4375
366,0.5528,1.2761273,0.507
367,0.5426,1.2815461,0.5
368,0.5186,1.3811139,0.4675
369,0.5286,1.336949,0.485
370,0.5021,1.4548327,0.4705
371,0.5601,1.2444096,0.5245
372,0.5519,1.3014022,0.51
373,0.5351,1.3371153,0.492
374,0.5654,1.2397096,0.5235
375,0.5336,1.3229287,0.492
376,0.5276,1.3697349,0.4925
377,0.5573,1.2484881,0.52
378,0.5235,1.3038452,0.4765
379,0.5517,1.2588145,0.508
380,0.5736,1.2318537,0.5205
381,0.567,1.2387412,0.5195
382,0.5555,1.2525953,0.506
383,0.5432,1.3203309,0.4895
384,0.4939,1.475237,0.467
385,0.537,1.3109206,0.511
386,0.5258,1.3041863,0.4835
387,0.5159,1.348582,0.4785
388,0.4687,1.6394649,0.4385
389,0.5153,1.3345283,0.4805
390,0.562,1.2483991,0.5135
391,0.4063,1.7349871,0.375
392,0.5131,1.4091967,0.4795
393,0.5312,1.3237832,0.502
394,0.5502,1.2904365,0.4955
395,0.568,1.2248735,0.512
396,0.5684,1.2304754,0.515
397,0.5585,1.2455329,0.5255
398,0.5603,1.2484975,0.5185
399,0.5554,1.2398531,0.51
400,0.559,1.2472558,0.5195
401,0.5575,1.2496094,0.499
402,0.5281,1.3399421,0.4745
403,0.5773,1.2089251,0.524
404,0.544,1.2738954,0.5005
405,0.5634,1.2409363,0.525
406,0.5429,1.2781671,0.515
407,0.5182,1.3907509,0.477
408,0.5637,1.22896,0.506
409,0.5623,1.2360595,0.5025
410,0.5703,1.2437204,0.52
411,0.5099,1.4253371,0.4655
412,0.5776,1.217587,0.5245
413,0.5734,1.225745,0.5185
414,0.5606,1.2664411,0.507
415,0.562,1.2280393,0.5245
416,0.5392,1.3037905,0.503
417,0.5719,1.2340112,0.5175
418,0.4964,1.4476331,0.452
419,0.5639,1.2461627,0.523
420,0.5531,1.2726499,0.5175
421,0.5003,1.4127651,0.481
422,0.5792,1.2002312,0.527
423,0.5147,1.3654166,0.4765
424,0.5877,1.1944348,0.5215
425,0.5691,1.2278779,0.515
426,0.5806,1.2024214,0.5385
427,0.5274,1.3064464,0.476
428,0.554,1.2446702,0.498
429,0.555,1.2609466,0.498
430,0.5785,1.2017306,0.507
431,0.5595,1.2332286,0.5155
432,0.5542,1.237242,0.5035
433,0.5726,1.2287444,0.5245
434,0.5194,1.309458,0.485
435,0.5901,1.1743687,0.5345
436,0.5867,1.1938936,0.5235
437,0.5646,1.2342753,0.518
438,0.5759,1.2081947,0.519
439,0.5765,1.2311847,0.5205
440,0.5545,1.2354575,0.4945
441,0.5656,1.2372293,0.518
442,0.558,1.2606107,0.521
443,0.5569,1.2439122,0.502
444,0.4546,1.5822742,0.411
445,0.5759,1.1980864,0.5185
446,0.5822,1.220016,0.524
447,0.4624,1.5054744,0.43
448,0.5927,1.1711515,0.52
449,0.5805,1.1897283,0.533
450,0.588,1.1851196,0.532
451,0.5589,1.281117,0.515
452,0.5869,1.2051735,0.521
453,0.5711,1.2163802,0.517
454,0.5694,1.2053181,0.5215
455,0.5863,1.1707729,0.534
456,0.5175,1.3462296,0.476
457,0.5913,1.1647463,0.533
458,0.5942,1.171027,0.5355
459,0.5141,1.3884982,0.488
460,0.6006,1.1596308,0.542
461,0.5826,1.1790961,0.5225
462,0.4855,1.5218476,0.4435
463,0.5004,1.3974994,0.4405
464,0.5623,1.2406723,0.507
465,0.6063,1.1440449,0.535
466,0.5995,1.1491033,0.534
467,0.5772,1.2076335,0.52
468,0.5148,1.3989912,0.481
469,0.5089,1.3967582,0.456
470,0.6047,1.1489946,0.5355
471,0.5881,1.1681597,0.5355
472,0.5213,1.3434713,0.48
473,0.5735,1.2344979,0.4975
474,0.5726,1.1932544,0.522
475,0.558,1.2414331,0.497
476,0.5786,1.187326,0.515
477,0.5948,1.1665827,0.5285
478,0.5941,1.1567844,0.5345
479,0.5253,1.2967395,0.481
480,0.5901,1.154067,0.539
481,0.5794,1.2066289,0.5105
482,0.5851,1.1970919,0.517
483,0.6052,1.135239,0.5425
484,0.538,1.2959514,0.481
485,0.5595,1.2275485,0.5095
486,0.5017,1.371542,0.47
487,0.5015,1.4200642,0.462
488,0.5139,1.3663597,0.4855
489,0.5765,1.2185127,0.514
490,0.609,1.1478369,0.537
491,0.546,1.286482,0.489
492,0.5469,1.3048844,0.4965
493,0.5831,1.1825246,0.54
494,0.6035,1.1265244,0.538
495,0.6025,1.1431854,0.533
496,0.5681,1.2287152,0.5165
497,0.6087,1.12782,0.5455
498,0.5151,1.3578261,0.442
499,0.5708,1.2288133,0.5125
500,0.6147,1.1178914,0.547
501,0.5257,1.3162972,0.4725
502,0.5289,1.3184258,0.477
503,0.601,1.1274514,0.531
504,0.6087,1.1159711,0.549
505,0.6193,1.1091541,0.5455
506,0.57,1.2084619,0.5035
507,0.5883,1.1611795,0.526
508,0.5832,1.2079911,0.5235
509,0.5836,1.1943299,0.524
510,0.4694,1.5158235,0.4345
511,0.597,1.132575,0.523
512,0.5763,1.1837777,0.51
513,0.5607,1.2421291,0.5015
514,0.616,1.1098069,0.544
515,0.5987,1.1502154,0.5325
516,0.5246,1.3162394,0.475
517,0.5993,1.1529043,0.5265
518,0.5299,1.341704,0.49
519,0.6174,1.1083885,0.554
520,0.6156,1.1127489,0.5555
521,0.5803,1.1937085,0.515
522,0.6273,1.0872222,0.554
523,0.5394,1.3646376,0.489
524,0.5917,1.1526434,0.5355
525,0.5976,1.1524785,0.531
526,0.5654,1.2010928,0.4955
527,0.6186,1.1127114,0.5355
528,0.5388,1.2857378,0.4975
529,0.561,1.2280989,0.515
530,0.5681,1.1981373,0.4985
531,0.6108,1.1105835,0.5475
532,0.6315,1.0791802,0.5465
533,0.4679,1.5102944,0.4365
534,0.6123,1.105503,0.543
535,0.5746,1.1843892,0.51
536,0.6204,1.1124672,0.541
537,0.594,1.160413,0.526
538,0.5933,1.1662986,0.5325
539,0.6131,1.1413938,0.5355
540,0.6235,1.0952102,0.5515
541,0.5811,1.2155981,0.512
542,0.6262,1.0794289,0.551
543,0.6143,1.1185775,0.531
544,0.6018,1.1462107,0.5305
545,0.6242,1.087387,0.545
546,0.6008,1.133939,0.5445
547,0.6195,1.0945239,0.549
548,0.5889,1.1562943,0.5355
549,0.5877,1.159659,0.5205
550,0.6163,1.1015912,0.5285
551,0.5943,1.1447712,0.5165
552,0.5339,1.2953397,0.477
553,0.6047,1.1193542,0.5245
554,0.5849,1.1546025,0.515
555,0.6085,1.1043624,0.528
556,0.618,1.0890847,0.548
557,0.5811,1.1718332,0.5085
558,0.5325,1.2888016,0.4805
559,0.5761,1.2233539,0.493
560,0.6007,1.123492,0.5355
561,0.6015,1.1559652,0.533
562,0.6038,1.1430254,0.5185
563,0.6288,1.0876133,0.5375
564,0.6045,1.1156546,0.52
565,0.6085,1.140269,0.5365
566,0.6313,1.0640358,0.554
567,0.6319,1.0626223,0.5485
568,0.6363,1.0599313,0.5615
569,0.6148,1.0858852,0.55
570,0.5775,1.2139014,0.5065
571,0.6192,1.0805801,0.548
572,0.6009,1.138024,0.523
573,0.6307,1.0647316,0.5485
574,0.6356,1.0538968,0.548
575,0.6315,1.0711411,0.5425
576,0.5936,1.1213936,0.5385
577,0.5502,1.2486582,0.482
578,0.6183,1.092168,0.547
579,0.5993,1.1467066,0.523
580,0.602,1.1715598,0.528
581,0.5881,1.1487535,0.512
582,0.6328,1.0530268,0.5625
583,0.6438,1.0391561,0.556
584,0.6464,1.0372972,0.557
585,0.6231,1.0752617,0.538
586,0.6026,1.1571113,0.5285
587,0.5634,1.1945758,0.511
588,0.5999,1.1465089,0.529
589,0.6401,1.0374515,0.57
590,0.6179,1.1130531,0.5285
591,0.6469,1.0244426,0.574
592,0.5873,1.183245,0.5165
593,0.6312,1.0569135,0.552
594,0.5608,1.195377,0.509
595,0.6114,1.104966,0.5425
596,0.6113,1.1112461,0.5375
597,0.6187,1.1058383,0.54
598,0.6406,1.0447139,0.5545
599,0.6486,1.0195392,0.5585
600,0.6173,1.091208,0.5365
601,0.6256,1.0742524,0.544
602,0.6276,1.0820205,0.5415
603,0.6079,1.1298364,0.524
604,0.5891,1.153267,0.519
605,0.6331,1.0489899,0.556
606,0.6023,1.1036298,0.5315
607,0.5609,1.2950937,0.5
608,0.6195,1.0813036,0.533
609,0.616,1.0801412,0.544
610,0.6446,1.0313139,0.565
611,0.6002,1.1338025,0.5365
612,0.6046,1.1282665,0.5255
613,0.6279,1.0734586,0.5535
614,0.6147,1.0937154,0.542
615,0.5857,1.1522846,0.5235
616,0.5207,1.3429968,0.461
617,0.6603,1.0043168,0.568
618,0.6442,1.0310197,0.549
619,0.654,1.0019367,0.577
620,0.6284,1.0782508,0.531
621,0.6238,1.0873722,0.5315
622,0.6441,1.0212717,0.5585
623,0.6431,1.0396467,0.5525
624,0.6541,1.0115238,0.5685
625,0.4771,1.5366495,0.4015
626,0.6203,1.0861936,0.542
627,0.5218,1.498368,0.458
628,0.6613,0.99231154,0.5615
629,0.6524,1.0218772,0.559
630,0.6329,1.0506974,0.5395
631,0.6566,1.0061914,0.559
632,0.6113,1.1050903,0.5285
633,0.6107,1.0938035,0.541
634,0.6251,1.0678421,0.538
635,0.662,0.9933412,0.562
636,0.6099,1.0845214,0.539
637,0.6612,0.992021,0.5655
638,0.6334,1.0651356,0.5425
639,0.604,1.1429698,0.5245
640,0.6108,1.1388276,0.5275
641,0.6655,0.9862418,0.569
642,0.614,1.1038983,0.5465
643,0.6588,0.99464333,0.565
644,0.6108,1.0856621,0.531
645,0.6361,1.0634855,0.54
646,0.6261,1.0749314,0.5425
647,0.6376,1.0539398,0.5485
648,0.5989,1.1174198,0.536
649,0.5916,1.1328716,0.525
650,0.5513,1.4075785,0.481
651,0.6169,1.0912192,0.5285
652,0.5651,1.306127,0.4885
653,0.6525,1.0060164,0.571
654,0.6025,1.1219871,0.5165
655,0.6299,1.0530695,0.553
656,0.6153,1.0625863,0.5185
657,0.6364,1.0306525,0.5385
658,0.6199,1.0873637,0.542
659,0.6576,0.99536955,0.562
660,0.6681,0.96606994,0.5705
661,0.6693,0.9678,0.5665
662,0.5195,1.4013342,0.4595
663,0.6331,1.0632006,0.548
664,0.6421,1.0194,0.5485
665,0.5286,1.3427013,0.4815
666,0.6144,1.103198,0.5465
667,0.5642,1.2101946,0.493
668,0.6481,1.0006846,0.5735
669,0.6442,1.0268904,0.553
670,0.5489,1.291075,0.4705
671,0.6491,0.9920021,0.5495
672,0.6483,1.0176501,0.55
673,0.6431,1.0185468,0.5495
674,0.6389,1.0176125,0.5485
675,0.608,1.0742179,0.522
676,0.6731,0.95224005,0.573
677,0.6652,0.96579415,0.5665
678,0.6271,1.0411136,0.549
679,0.6567,0.9891645,0.5505
680,0.6466,1.030781,0.55
681,0.6547,0.9871662,0.5575
682,0.6429,1.0377647,0.5415
683,0.644,1.0164545,0.5525
684,0.6438,1.0085857,0.5515
685,0.6641,0.9757863,0.572
686,0.6512,1.0157213,0.5515
687,0.636,1.0273715,0.5315
688,0.6755,0.9570846,0.5825
689,0.5569,1.2267494,0.493
690,0.6783,0.94584024,0.58
691,0.643,1.0168006,0.552
692,0.6635,0.98987335,0.5615
693,0.6571,0.9821546,0.566
694,0.636,1.03696,0.5425
695,0.6459,1.0150045,0.543
696,0.614,1.1000644,0.518
697,0.6521,1.017822,0.5455
698,0.6503,0.9852215,0.5495
699,0.6181,1.0550008,0.524
700,0.6533,0.9883158,0.548
701,0.5166,1.351925,0.45
702,0.6146,1.0758526,0.5425
703,0.6119,1.0884584,0.5225
704,0.6566,0.9768582,0.55
705,0.6201,1.074118,0.513
706,0.6492,0.9944068,0.544
707,0.6253,1.0692898,0.531
708,0.6732,0.9565749,0.553
709,0.6739,0.9502543,0.567
710,0.671,0.955696,0.568
711,0.5879,1.1348939,0.4925
712,0.6302,1.0266143,0.5305
713,0.6401,1.0247984,0.538
714,0.6703,0.9542824,0.569
715,0.5634,1.1678145,0.497
716,0.6603,0.9863752,0.5475
717,0.6828,0.92598,0.5755
718,0.633,1.0280223,0.5465
719,0.6341,1.0272647,0.542
720,0.611,1.0963166,0.5155
721,0.531,1.322644,0.4445
722,0.6529,1.0039706,0.553
723,0.611,1.0765631,0.52
724,0.6882,0.9318482,0.561
725,0.6693,0.9660499,0.5615
726,0.6127,1.0857402,0.5185
727,0.6212,1.056346,0.53
728,0.6211,1.095231,0.537
729,0.6849,0.9267445,0.578
730,0.631,1.0447664,0.5455
731,0.5806,1.1384684,0.4945
732,0.6558,0.99798924,0.539
733,0.6878,0.90961766,0.574
734,0.6391,1.016393,0.5435
735,0.6845,0.9256381,0.566
736,0.6222,1.0381285,0.521
737,0.6518,0.9798391,0.5495
738,0.4036,1.9137908,0.354
739,0.6973,0.8933967,0.5875
740,0.5747,1.2093258,0.499
741,0.6819,0.91866386,0.569
742,0.6831,0.93021965,0.56
743,0.6661,0.95351243,0.575
744,0.6658,0.95681447,0.5525
745,0.626,1.0567731,0.5185
746,0.6762,0.92332727,0.5605
747,0.616,1.071976,0.52
748,0.6011,1.1293051,0.512
749,0.6809,0.92574626,0.576
750,0.5666,1.2144748,0.501
751,0.6473,0.9816126,0.5395
752,0.6877,0.92203337,0.559
753,0.6809,0.9411047,0.5545
754,0.5314,1.2954549,0.467
755,0.6652,0.9537101,0.572
756,0.6471,1.0105551,0.5465
757,0.6834,0.9082287,0.5735
758,0.6541,1.0011654,0.547
759,0.6738,0.961692,0.5645
760,0.69,0.8957409,0.5775
761,0.6221,1.1154767,0.5145
762,0.6829,0.9175562,0.5635
763,0.6793,0.9370544,0.56
764,0.7114,0.86671287,0.591
765,0.622,1.0494655,0.521
766,0.6647,0.94813186,0.561
767,0.6907,0.9040951,0.576
768,0.6896,0.9110236,0.559
769,0.6872,0.90597737,0.5665
770,0.6829,0.9042127,0.5705
771,0.7045,0.8775662,0.58
772,0.7112,0.8630585,0.576
773,0.7046,0.86583537,0.588
774,0.6149,1.0951952,0.506
775,0.6371,1.0253568,0.541
776,0.6432,0.9921474,0.545
777,0.6949,0.89165866,0.575
778,0.6902,0.9213278,0.564
779,0.5553,1.3021175,0.4705
780,0.6883,0.8909305,0.579
781,0.7107,0.86024666,0.588
782,0.6522,0.9834291,0.545
783,0.6093,1.1205066,0.4995
784,0.657,1.0029268,0.5315
785,0.7058,0.86855847,0.5775
786,0.677,0.94019806,0.549
787,0.6268,1.0634817,0.5355
788,0.706,0.8770912,0.566
789,0.5818,1.1545112,0.4715
790,0.6655,0.96196765,0.5415
791,0.6749,0.9276122,0.563
792,0.6951,0.8735145,0.581
793,0.6593,0.96048015,0.5425
794,0.6667,0.94342,0.5435
795,0.564,1.2046878,0.489
796,0.7021,0.8830084,0.5715
797,0.5975,1.1135902,0.5075
798,0.6781,0.9248382,0.548
799,0.598,1.113045,0.503
800,0.6697,0.92714393,0.563
801,0.6374,1.0217149,0.535
802,0.7085,0.8589727,0.5725
803,0.659,0.9582002,0.555
804,0.6911,0.89741564,0.5665
805,0.6291,1.1044246,0.5055
806,0.6917,0.8915156,0.567
807,0.5398,1.2780372,0.462
808,0.7158,0.8524476,0.5755
809,0.6066,1.0702935,0.4875
810,0.6572,0.9529595,0.5405
811,0.7176,0.84048593,0.581
812,0.7254,0.82781535,0.586
813,0.5245,1.31813,0.4445
814,0.6568,1.0050485,0.548
815,0.6432,1.0042553,0.521
816,0.7162,0.8405326,0.577
817,0.6738,0.90749913,0.56
818,0.6125,1.1741042,0.516
819,0.7189,0.8442422,0.576
820,0.6085,1.1116092,0.523
821,0.7058,0.84509385,0.573
822,0.6839,0.9184963,0.5555
823,0.6437,1.0023239,0.544
824,0.6811,0.9169338,0.565
825,0.6513,0.9703037,0.55
826,0.6743,0.9332971,0.545
827,0.7209,0.8335461,0.587
828,0.6666,0.9366389,0.5455
829,0.6782,0.94228536,0.5295
830,0.6268,1.0343658,0.527
831,0.6963,0.889417,0.559
832,0.6836,0.90779895,0.557
833,0.6837,0.88359416,0.5665
834,0.7307,0.8179569,0.5825
835,0.6824,0.89428884,0.563
836,0.6737,0.92469084,0.551
837,0.6901,0.88263077,0.557
838,0.6808,0.9061902,0.557
839,0.6414,1.0302337,0.514
840,0.6648,0.96112776,0.5425
841,0.6862,0.8889207,0.563
842,0.7233,0.8281467,0.57
843,0.6319,1.060057,0.507
844,0.647,0.9695393,0.55
845,0.711,0.84483856,0.572
846,0.6999,0.86963093,0.5705
847,0.6432,0.999791,0.5175
848,0.5363,1.2492584,0.4625
849,0.7136,0.8558717,0.575
850,0.5383,1.2750987,0.4685
851,0.7068,0.8384625,0.5755
852,0.708,0.8475832,0.572
853,0.7026,0.89165294,0.557
854,0.7345,0.8065169,0.5735
855,0.6673,0.9153773,0.5405
856,0.6669,0.91542226,0.542
857,0.7026,0.8467606,0.57
858,0.6869,0.9030173,0.5525
859,0.7268,0.82151884,0.5775
860,0.7129,0.8656369,0.569
861,0.6199,1.1764426,0.491
862,0.6365,1.0134226,0.5315
863,0.6543,0.98072267,0.518
864,0.7058,0.8472151,0.5525
865,0.6649,0.94665515,0.5625
866,0.6407,0.9902523,0.5265
867,0.7199,0.8291202,0.5655
868,0.719,0.820308,0.573
869,0.6924,0.8839037,0.542
870,0.6849,0.9291859,0.5495
871,0.4943,1.4961597,0.428
872,0.6809,0.91100585,0.557
873,0.7048,0.84698176,0.55
874,0.6894,0.89420897,0.557
875,0.5982,1.1388013,0.5075
876,0.6737,0.90628546,0.5495
877,0.5804,1.2696266,0.468
878,0.7411,0.7737458,0.5895
879,0.6973,0.86649454,0.568
880,0.7224,0.8283318,0.566
881,0.736,0.78128916,0.576
882,0.7067,0.82364583,0.577
883,0.6884,0.906391,0.546
884,0.7128,0.8211834,0.571
885,0.7525,0.7492999,0.5925
886,0.736,0.7889664,0.5745
887,0.6326,1.0318301,0.5115
888,0.7208,0.82394415,0.573
889,0.7493,0.7617036,0.591
890,0.6868,0.89265186,0.5475
891,0.6714,0.94042414,0.542
892,0.7005,0.8707144,0.545
893,0.703,0.84403557,0.566
894,0.7164,0.81894433,0.5785
895,0.737,0.7778429,0.571
896,0.6918,0.8623607,0.5525
897,0.7186,0.82606643,0.552
898,0.6814,0.8846639,0.544
899,0.6967,0.8666053,0.5545
900,0.7148,0.8362076,0.5745
901,0.6663,0.9325171,0.5355
902,0.7208,0.81860214,0.5595
903,0.7221,0.7943781,0.5755
904,0.7165,0.8245551,0.5725
905,0.7292,0.78663146,0.5725
906,0.7155,0.80786407,0.572
907,0.7306,0.793206,0.5675
908,0.7435,0.76781845,0.5785
909,0.7225,0.812472,0.561
910,0.7271,0.78857505,0.5735
911,0.6394,0.9836785,0.541
912,0.6945,0.8749754,0.5505
913,0.6774,0.90974706,0.5515
914,0.6693,0.90483534,0.5335
915,0.619,1.0360444,0.495
916,0.7054,0.835684,0.564
917,0.6362,1.0399405,0.493
918,0.7261,0.78764635,0.562
919,0.6462,0.98589295,0.5015
920,0.7104,0.8212115,0.5725
921,0.7054,0.8316156,0.556
922,0.7159,0.8000919,0.5695
923,0.7174,0.81462854,0.5635
924,0.6964,0.8596453,0.552
925,0.683,0.87979054,0.539
926,0.74,0.78385335,0.566
927,0.7046,0.84096193,0.5505
928,0.7536,0.74675566,0.5835
929,0.6969,0.8556627,0.5645
930,0.721,0.78784466,0.5575
931,0.7296,0.78267443,0.579
932,0.7193,0.8184457,0.5695
933,0.6809,0.9126934,0.5535
934,0.7538,0.73184127,0.5935
935,0.6408,0.9951357,0.492
936,0.7416,0.75854427,0.5885
937,0.6808,0.90020066,0.554
938,0.6869,0.87036604,0.5595
939,0.7646,0.7274535,0.588
940,0.7212,0.7910664,0.576
941,0.6077,1.044183,0.5
942,0.7379,0.7677649,0.575
943,0.7221,0.82053596,0.5695
944,0.719,0.8070304,0.5495
945,0.7581,0.7312581,0.5895
946,0.7009,0.8315492,0.5485
947,0.7629,0.72325927,0.5945
948,0.7409,0.76625025,0.5855
949,0.7543,0.73375404,0.582
950,0.707,0.8371952,0.551
951,0.7529,0.7408533,0.58
952,0.7152,0.80135137,0.5595
953,0.6825,0.87052864,0.557
954,0.6324,1.0798215,0.4955
955,0.6562,0.93977696,0.5195
956,0.7183,0.7910376,0.5525
957,0.759,0.72194165,0.5935
958,0.77,0.705257,0.5955
959,0.67,0.91741014,0.532
960,0.7134,0.7969795,0.5515
961,0.6722,0.9162261,0.529
962,0.7296,0.7989155,0.5505
963,0.7322,0.7948134,0.56
964,0.7586,0.7211537,0.582
965,0.6986,0.8537934,0.5345
966,0.6325,1.0391941,0.484
967,0.6769,0.9463883,0.5295
968,0.684,0.87124455,0.5185
969,0.7291,0.78714395,0.577
970,0.6413,0.95737207,0.5315
971,0.6305,1.0978687,0.487
972,0.7416,0.74700886,0.5765
973,0.7514,0.727414,0.5845
974,0.7495,0.7403198,0.5725
975,0.6712,0.9670346,0.509
976,0.6551,0.93523484,0.5305
977,0.7684,0.70282495,0.584
978,0.7477,0.7442264,0.564
979,0.7274,0.7677041,0.556
980,0.7065,0.8495714,0.539
981,0.7425,0.74209446,0.5705
982,0.5917,1.0901955,0.484
983,0.7662,0.7034695,0.5825
984,0.6134,1.0645031,0.471
985,0.7765,0.6838876,0.5875
986,0.6382,0.98635745,0.5155
987,0.7527,0.7189967,0.5695
988,0.7506,0.73061174,0.562
989,0.6496,0.9728846,0.5295
990,0.634,1.0549358,0.532
991,0.6341,1.0210321,0.492
992,0.7727,0.68398875,0.5905
993,0.7497,0.73565704,0.564
994,0.6705,0.9086313,0.541
995,0.6818,0.8930647,0.525
996,0.6929,0.9087931,0.5505
997,0.7696,0.6863469,0.5785
998,0.7443,0.7377931,0.5645
999,0.7555,0.7361424,0.5615
1000,0.7378,0.7501282,0.571
1001,0.7221,0.78799045,0.538
1002,0.724,0.8005168,0.549
1003,0.7518,0.74177897,0.56
1004,0.7314,0.7466785,0.575
1005,0.7409,0.7534429,0.5615
1006,0.7489,0.73297274,0.5595
1007,0.586,1.1729465,0.4525
1008,0.7262,0.77460927,0.549
1009,0.7443,0.7264341,0.576
1010,0.7105,0.7954796,0.5535
1011,0.7827,0.663947,0.588
1012,0.7509,0.71309185,0.589
1013,0.6991,0.8368289,0.5395
1014,0.6916,0.84071153,0.55
1015,0.6917,0.8714508,0.5395
1016,0.6604,0.9397585,0.53
1017,0.7884,0.6556406,0.5915
1018,0.7797,0.680982,0.5785
1019,0.6618,0.9131509,0.5195
1020,0.7689,0.6808332,0.5905
1021,0.7415,0.73099405,0.5705
1022,0.7026,0.8077333,0.5395
1023,0.6858,0.8567826,0.5385
1024,0.7132,0.7994892,0.528
1025,0.77,0.68515116,0.577
1026,0.7417,0.7377983,0.5425
1027,0.7366,0.7386452,0.5585
1028,0.7503,0.72840387,0.5595
1029,0.7201,0.76956064,0.5555
1030,0.6729,0.9537967,0.5425
1031,0.754,0.7027513,0.5755
1032,0.7866,0.66180897,0.568
1033,0.6442,0.99935,0.4965
1034,0.7168,0.786187,0.546
1035,0.7495,0.71764356,0.567
1036,0.7213,0.8068282,0.5235
1037,0.7008,0.8365553,0.528
1038,0.7828,0.65568703,0.5895
1039,0.7531,0.70550996,0.5795
1040,0.7697,0.6807653,0.594
1041,0.657,0.96046853,0.481
1042,0.6795,0.907417,0.5365
1043,0.7033,0.8113027,0.54
1044,0.7266,0.75116915,0.554
1045,0.7541,0.707264,0.553
1046,0.6746,0.9180902,0.508
1047,0.7902,0.64481574,0.586
1048,0.7807,0.6566501,0.5765
1049,0.7369,0.75241774,0.5635
1050,0.7228,0.7931378,0.5565
1051,0.6859,0.8671531,0.5275
1052,0.7294,0.76648086,0.5445
1053,0.7833,0.64688975,0.585
1054,0.7674,0.6811414,0.58
1055,0.7868,0.6372242,0.5805
1056,0.7526,0.715422,0.5505
1057,0.764,0.67791504,0.567
1058,0.7924,0.6376698,0.579
1059,0.7943,0.6301062,0.5885
1060,0.7837,0.65515935,0.573
1061,0.7546,0.6931691,0.567
1062,0.6345,0.99307615,0.475
1063,0.7059,0.8109467,0.5515
1064,0.6938,0.8295955,0.524
1065,0.7837,0.6424701,0.5925
1066,0.7498,0.70424426,0.569
1067,0.7705,0.6719423,0.5815
1068,0.7352,0.75035906,0.549
1069,0.7582,0.6825521,0.5755
1070,0.7168,0.8385336,0.53
1071,0.7839,0.6380228,0.5795
1072,0.6267,1.021517,0.4655
1073,0.6654,0.9321672,0.5145
1074,0.8025,0.6076842,0.593
1075,0.7012,0.82547337,0.5375
1076,0.7777,0.6718547,0.571
1077,0.7688,0.6672337,0.566
1078,0.6903,0.85682577,0.507
1079,0.7851,0.6390569,0.5805
1080,0.7442,0.72542465,0.5675
1081,0.7715,0.6625026,0.574
1082,0.7268,0.7523981,0.554
1083,0.7862,0.6267891,0.582
1084,0.8088,0.59854877,0.583
1085,0.655,0.9636567,0.522
1086,0.7323,0.7471688,0.537
1087,0.5809,1.1899995,0.4795
1088,0.779,0.6555344,0.575
1089,0.7728,0.66456056,0.582
1090,0.7353,0.7373637,0.5535
1091,0.8165,0.58099806,0.5875
1092,0.6371,1.006128,0.508
1093,0.7689,0.6928446,0.552
1094,0.7406,0.71986055,0.557
1095,0.7854,0.6473757,0.551
1096,0.7838,0.63389325,0.581
1097,0.7712,0.67756623,0.558
1098,0.582,1.1915935,0.457
1099,0.7634,0.68225086,0.56
1100,0.7855,0.6312635,0.585
1101,0.7048,0.82579345,0.5365
1102,0.7694,0.6652378,0.564
1103,0.7643,0.6788426,0.5665
1104,0.7626,0.6769046,0.559
1105,0.7643,0.68614143,0.56
1106,0.6555,0.9167471,0.4705
1107,0.7335,0.7319662,0.5615
1108,0.764,0.6785482,0.549
1109,0.7503,0.68241435,0.5615
1110,0.641,1.0231029,0.48
1111,0.7035,0.84119725,0.5165
1112,0.8015,0.6052315,0.581
1113,0.7573,0.70487374,0.567
1114,0.7993,0.59668666,0.5825
1115,0.7444,0.70423174,0.551
1116,0.7787,0.6324842,0.568
1117,0.7624,0.6740739,0.5785
1118,0.6971,0.8370537,0.5555
1119,0.7921,0.6127607,0.5785
1120,0.7652,0.6685271,0.5735
1121,0.6841,0.8744251,0.5
1122,0.6442,0.9747643,0.4965
1123,0.7785,0.6286012,0.571
1124,0.7475,0.69623387,0.5625
1125,0.7945,0.6218069,0.5635
1126,0.8233,0.56469333,0.586
1127,0.8069,0.5852435,0.569
1128,0.7956,0.606196,0.566
1129,0.7081,0.7844423,0.547
1130,0.7998,0.6039025,0.5695
1131,0.7427,0.7434632,0.5425
1132,0.7537,0.70073384,0.5485
1133,0.7382,0.7421307,0.529
1134,0.7404,0.748754,0.538
1135,0.7074,0.7800632,0.5455
1136,0.7752,0.63829625,0.5695
1137,0.8091,0.5745706,0.572
1138,0.824,0.55263156,0.588
1139,0.7188,0.7965988,0.556
1140,0.7989,0.6156991,0.581
1141,0.7371,0.7498535,0.5485
1142,0.6937,0.80930865,0.5195
1143,0.7968,0.5899762,0.5825
1144,0.7672,0.66428965,0.569
1145,0.643,1.046394,0.4955
1146,0.7489,0.70455515,0.549
1147,0.8071,0.5952714,0.571
1148,0.7261,0.7491441,0.543
1149,0.8181,0.5678901,0.5795
1150,0.6951,0.8494405,0.5245
1151,0.7954,0.61856586,0.5555
1152,0.7412,0.7258013,0.536
1153,0.7963,0.61012167,0.561
1154,0.8258,0.54818904,0.576
1155,0.7521,0.6779031,0.5655
1156,0.6763,0.8551047,0.5045
1157,0.7254,0.7834528,0.513
1158,0.77,0.66831124,0.5695
1159,0.8042,0.5788814,0.5715
1160,0.7976,0.5938394,0.5765
1161,0.7393,0.735581,0.54
1162,0.781,0.6318613,0.557
1163,0.7839,0.63821584,0.545
1164,0.7806,0.6329798,0.57
1165,0.5423,1.4220004,0.4135
1166,0.7844,0.63004893,0.559
1167,0.7826,0.6390227,0.554
1168,0.7762,0.63476497,0.5615
1169,0.745,0.73254454,0.5415
1170,0.7497,0.70244247,0.5255
1171,0.8372,0.52131087,0.59
1172,0.8271,0.5390546,0.584
1173,0.8262,0.53795844,0.5885
1174,0.6986,0.8396412,0.5425
1175,0.7365,0.7008427,0.545
1176,0.7932,0.6044761,0.5575
1177,0.6741,0.90443224,0.4955
1178,0.7875,0.6289875,0.5675
1179,0.7627,0.6515572,0.5435
1180,0.7286,0.72218835,0.5285
1181,0.7114,0.7982955,0.548
1182,0.7779,0.6290192,0.5465
1183,0.7996,0.60601306,0.558
1184,0.8007,0.58235306,0.5875
1185,0.7865,0.6045445,0.563
1186,0.6839,0.86755,0.5105
1187,0.806,0.5624737,0.5695
1188,0.8292,0.54009265,0.5715
1189,0.694,0.8548313,0.51
1190,0.7634,0.6584574,0.5545
1191,0.6734,0.90146434,0.484
1192,0.8217,0.5462961,0.575
1193,0.7884,0.6041873,0.557
1194,0.8337,0.5272159,0.577
1195,0.7966,0.5817957,0.566
1196,0.793,0.5889482,0.574
1197,0.7579,0.6833954,0.552
1198,0.8312,0.5251139,0.58
1199,0.7605,0.6656045,0.5415
1200,0.7996,0.5997753,0.5525
1201,0.7824,0.6038422,0.551
1202,0.8423,0.5042405,0.5865
1203,0.7757,0.6296827,0.5485
1204,0.7526,0.684283,0.5485
1205,0.7357,0.7272451,0.5435
1206,0.8391,0.5106988,0.5885
1207,0.6772,0.8381751,0.5005
1208,0.7692,0.6308665,0.552
1209,0.7568,0.65354335,0.5485
1210,0.7948,0.5839035,0.557
1211,0.7617,0.67497003,0.5375
1212,0.8283,0.5333483,0.5755
1213,0.7207,0.74208045,0.5435
1214,0.7512,0.7024877,0.5545
1215,0.7489,0.67674685,0.5455
1216,0.808,0.5630183,0.557
1217,0.8055,0.56079936,0.588
1218,0.792,0.57546425,0.5705
1219,0.6019,1.1160328,0.452
1220,0.803,0.57042754,0.5545
1221,0.7203,0.7414976,0.521
1222,0.7839,0.61824757,0.5575
1223,0.8251,0.5236623,0.573
1224,0.838,0.51301837,0.5685
1225,0.7101,0.79799753,0.501
1226,0.8315,0.51880616,0.5755
1227,0.6266,1.0147718,0.4705
1228,0.8246,0.52494717,0.5725
1229,0.7762,0.6159275,0.57
1230,0.816,0.5405748,0.5765
1231,0.821,0.53836924,0.5625
1232,0.8048,0.5755219,0.564
1233,0.7569,0.7058857,0.5565
1234,0.7603,0.6477589,0.5305
1235,0.8273,0.50911295,0.583
1236,0.7505,0.69455177,0.5335
1237,0.7949,0.57898325,0.5675
1238,0.8547,0.47101027,0.5855
1239,0.7482,0.71538126,0.5445
1240,0.8207,0.54445,0.5565
1241,0.7401,0.71676975,0.5435
1242,0.7429,0.7724213,0.5215
1243,0.8209,0.548605,0.556
1244,0.8411,0.5023542,0.574
1245,0.7916,0.59998626,0.539
1246,0.764,0.67278886,0.5405
1247,0.7557,0.6889971,0.532
1248,0.8444,0.4901506,0.5785
1249,0.8426,0.49304312,0.5715
1250,0.7691,0.6600617,0.526
1251,0.7688,0.62779707,0.5485
1252,0.7474,0.71233577,0.533
1253,0.8612,0.46184134,0.585
1254,0.8503,0.47848043,0.5775
1255,0.8538,0.47145328,0.582
1256,0.7325,0.7220501,0.517
1257,0.7756,0.6042309,0.554
1258,0.8267,0.5012294,0.5745
1259,0.7964,0.5665527,0.5615
1260,0.7737,0.6078444,0.547
1261,0.8439,0.49298647,0.56
1262,0.8262,0.51281077,0.5795
1263,0.6976,0.8706829,0.5315
1264,0.758,0.6540887,0.5195
1265,0.8188,0.5214119,0.5665
1266,0.8026,0.54279083,0.5645
1267,0.7858,0.61068666,0.525
1268,0.801,0.5690054,0.5565
1269,0.8545,0.47638705,0.5655
1270,0.8209,0.52438027,0.551
1271,0.7943,0.56818944,0.551
1272,0.7985,0.5656145,0.5485
1273,0.8654,0.44311807,0.5925
1274,0.7827,0.6214795,0.535
1275,0.7594,0.6754579,0.5305
1276,0.819,0.5246954,0.5605
1277,0.8313,0.4993668,0.5775
1278,0.847,0.47678965,0.5755
1279,0.7727,0.6284329,0.543
1280,0.645,1.0134745,0.463
1281,0.8659,0.4459293,0.5715
1282,0.8619,0.44965497,0.5785
1283,0.8435,0.48241866,0.5635
1284,0.8641,0.4475789,0.5795
1285,0.8461,0.4829375,0.569
1286,0.8056,0.56873924,0.54
1287,0.8547,0.45690536,0.583
1288,0.8403,0.48794118,0.572
1289,0.8368,0.49509943,0.5645
1290,0.7959,0.5686765,0.543
1291,0.8407,0.48940855,0.5715
1292,0.7547,0.6631274,0.517
1293,0.7845,0.5995923,0.5625
1294,0.8213,0.5129007,0.5745
1295,0.7887,0.59857714,0.544
1296,0.7923,0.584472,0.5395
1297,0.7015,0.84793997,0.499
1298,0.8238,0.5012066,0.5695
1299,0.7729,0.6233289,0.537
1300,0.8183,0.50669074,0.57
1301,0.7587,0.6904133,0.527
1302,0.8318,0.492173,0.5675
1303,0.7376,0.69910085,0.5265
1304,0.8397,0.4747921,0.5705
1305,0.7579,0.68728554,0.544
1306,0.8452,0.4776334,0.571
1307,0.8351,0.5043087,0.5595
1308,0.7945,0.5605877,0.5345
1309,0.8234,0.52474326,0.555
1310,0.8002,0.5666135,0.5535
1311,0.6775,0.87510616,0.498
1312,0.8505,0.46508,0.5705
1313,0.8453,0.46543935,0.5705
1314,0.7771,0.5833793,0.538
1315,0.8253,0.5087774,0.5595
1316,0.8242,0.50172573,0.5635
1317,0.8568,0.44566533,0.5715
1318,0.7204,0.7705002,0.5065
1319,0.7817,0.62581056,0.5545
1320,0.8759,0.41375977,0.585
1321,0.8394,0.47537088,0.5645
1322,0.8761,0.41328573,0.5785
1323,0.841,0.47108546,0.564
1324,0.8119,0.5273916,0.5455
1325,0.864,0.43220824,0.5705
1326,0.8436,0.46696714,0.571
1327,0.7934,0.55361384,0.5485
1328,0.7626,0.63711745,0.536
1329,0.8457,0.47321388,0.5435
1330,0.7638,0.6518466,0.5265
1331,0.8507,0.45302528,0.576
1332,0.7838,0.5970633,0.5355
1333,0.8339,0.49935487,0.5565
1334,0.8607,0.43158653,0.5795
1335,0.7366,0.72376966,0.5315
1336,0.8669,0.42361957,0.5765
1337,0.8063,0.53816503,0.548
1338,0.8362,0.4719897,0.5715
1339,0.7799,0.5771734,0.5355
1340,0.7391,0.6982809,0.5295
1341,0.8628,0.4357602,0.567
1342,0.8115,0.53269714,0.5445
1343,0.8186,0.49912715,0.5645
1344,0.8922,0.38661823,0.58
1345,0.8118,0.5226928,0.5445
1346,0.7231,0.74995184,0.5005
1347,0.8184,0.5106129,0.567
1348,0.7229,0.7889432,0.533
1349,0.8799,0.40239185,0.5715
1350,0.8756,0.40743098,0.578
1351,0.8373,0.49162313,0.5435
1352,0.7501,0.6898504,0.535
1353,0.8234,0.48728153,0.553
1354,0.7974,0.55511385,0.5365
1355,0.8559,0.43425953,0.574
1356,0.8677,0.42211837,0.5645
1357,0.8435,0.46556455,0.5595
1358,0.8047,0.5418901,0.548
1359,0.6452,0.9597589,0.4715
1360,0.7693,0.6132245,0.5395
1361,0.7699,0.6083851,0.5365
1362,0.7989,0.5571162,0.5495
1363,0.8398,0.4809243,0.5435
1364,0.7136,0.7651665,0.5355
1365,0.8726,0.40176508,0.569
1366,0.857,0.4323185,0.575
1367,0.7971,0.5629978,0.5595
1368,0.8615,0.41957095,0.5635
1369,0.7262,0.7578815,0.517
1370,0.8231,0.48819757,0.567
1371,0.8039,0.5382973,0.542
1372,0.8464,0.44980472,0.5635
1373,0.8458,0.45435402,0.5665
1374,0.7088,0.79057765,0.51
1375,0.843,0.46079203,0.5475
1376,0.8322,0.4836263,0.5535
1377,0.8424,0.453918,0.5695
1378,0.8019,0.5325659,0.5525
1379,0.8623,0.42793086,0.5615
1380,0.8526,0.44825062,0.553
1381,0.8479,0.44033957,0.561
1382,0.8226,0.5005265,0.553
1383,0.6815,0.8909805,0.5125
1384,0.7065,0.7538458,0.504
1385,0.8039,0.5384009,0.5395
1386,0.8479,0.445929,0.5485
1387,0.8829,0.39016226,0.5615
1388,0.8457,0.44416,0.57
1389,0.6654,0.90981346,0.462
1390,0.8248,0.5003748,0.554
1391,0.886,0.3779488,0.577
1392,0.8334,0.47833866,0.5585
1393,0.8145,0.50878435,0.537
1394,0.8469,0.4640936,0.5635
1395,0.7096,0.8525438,0.494
1396,0.7547,0.65042824,0.5095
1397,0.8803,0.38978097,0.5765
1398,0.7789,0.5681186,0.5485
1399,0.8636,0.4100833,0.565
1400,0.8379,0.4688625,0.543
1401,0.8888,0.3711159,0.5685
1402,0.8401,0.4480833,0.564
1403,0.8189,0.4989252,0.562
1404,0.8951,0.36213017,0.5735
1405,0.8507,0.4376917,0.5585
1406,0.8525,0.42631543,0.5585
1407,0.7919,0.5787552,0.544
1408,0.8983,0.35524324,0.571
1409,0.7934,0.53382254,0.531
1410,0.8088,0.5050794,0.544
1411,0.7894,0.572573,0.5255
1412,0.8031,0.5762315,0.5525
1413,0.8577,0.42345458,0.5465
1414,0.8345,0.47314546,0.546
1415,0.8809,0.37520364,0.5695
1416,0.9049,0.34303614,0.572
1417,0.6738,1.1381692,0.496
1418,0.8658,0.3990203,0.573
1419,0.8176,0.5007228,0.54
1420,0.9193,0.32020327,0.5795
1421,0.9005,0.34793833,0.5735
1422,0.8222,0.48219833,0.544
1423,0.7725,0.5866141,0.537
1424,0.8933,0.36004347,0.575
1425,0.8864,0.36770296,0.572
1426,0.875,0.38031948,0.575
1427,0.8257,0.49691224,0.5295
1428,0.7964,0.52895916,0.54
1429,0.7429,0.6899062,0.53
1430,0.6357,1.1436646,0.4625
1431,0.8911,0.36418104,0.562
1432,0.5533,1.5070002,0.4235
1433,0.8925,0.35928246,0.563
1434,0.8647,0.39747334,0.5525
1435,0.8413,0.4552756,0.554
1436,0.8729,0.3863547,0.5655
1437,0.8419,0.43585,0.5555
1438,0.8775,0.37882584,0.564
1439,0.9066,0.3319468,0.5815
1440,0.7891,0.55798274,0.5275
1441,0.7914,0.54294413,0.5275
1442,0.7292,0.72309226,0.5025
1443,0.8379,0.45231164,0.5625
1444,0.8149,0.50409085,0.5665
1445,0.8707,0.3853272,0.5755
1446,0.6907,0.9202518,0.469
1447,0.721,0.8417617,0.529
1448,0.886,0.3627197,0.5795
1449,0.8864,0.35946095,0.553
1450,0.865,0.4061748,0.55
1451,0.9073,0.32998297,0.5675
1452,0.7535,0.6761112,0.513
1453,0.8681,0.39844003,0.548
1454,0.8861,0.3644447,0.558
1455,0.8429,0.43969706,0.542
1456,0.8101,0.5150596,0.543
1457,0.9061,0.32599112,0.57
1458,0.7353,0.69949895,0.5195
1459,0.8849,0.3645744,0.5615
1460,0.918,0.3095479,0.5765
1461,0.8524,0.4171863,0.551
1462,0.8051,0.5070823,0.5265
1463,0.9038,0.33249968,0.567
1464,0.8443,0.43278292,0.5735
1465,0.8441,0.44503188,0.5385
1466,0.8538,0.41655722,0.543
1467,0.8973,0.34436643,0.556
1468,0.9028,0.3327815,0.5745
1469,0.9033,0.33212885,0.566
1470,0.8972,0.34555075,0.5705
1471,0.8663,0.39465785,0.5635
1472,0.8576,0.4030812,0.5455
1473,0.8326,0.4731291,0.5175
1474,0.7464,0.7273292,0.5125
1475,0.9034,0.32704112,0.571
1476,0.8947,0.3373954,0.567
1477,0.8677,0.38734996,0.557
1478,0.9026,0.3272849,0.572
1479,0.8993,0.33520967,0.563
1480,0.7828,0.5671947,0.523
1481,0.8501,0.42156464,0.553
1482,0.8839,0.3651002,0.5465
1483,0.8358,0.46921992,0.527
1484,0.8953,0.33994195,0.5675
1485,0.8695,0.37838754,0.567
1486,0.8221,0.47359976,0.5265
1487,0.8614,0.4045511,0.5605
1488,0.9313,0.2876909,0.569
1489,0.7971,0.56774914,0.543
1490,0.8451,0.42777872,0.549
1491,0.7851,0.5548648,0.515
1492,0.7969,0.52689445,0.5095
1493,0.9166,0.30661097,0.5605
1494,0.922,0.2948054,0.5775
1495,0.923,0.29114336,0.569
1496,0.9139,0.30969176,0.5665
1497,0.8943,0.34741843,0.555
1498,0.8795,0.36191025,0.55
1499,0.8869,0.3484709,0.5595
1500,0.9182,0.2967167,0.571
1501,0.8729,0.36504486,0.5665
1502,0.8585,0.40404153,0.5515
1503,0.7272,0.7508812,0.4935
1504,0.8638,0.38339138,0.555
1505,0.8499,0.39926854,0.557
1506,0.8893,0.346669,0.5695
1507,0.9003,0.32917225,0.557
1508,0.9095,0.3119513,0.5665
1509,0.7975,0.5524424,0.54
1510,0.8806,0.364994,0.5465
1511,0.8288,0.46296406,0.5325
1512,0.9002,0.32810953,0.549
1513,0.858,0.39711654,0.5515
1514,0.9035,0.3188261,0.5645
1515,0.894,0.32865974,0.561
1516,0.8543,0.40359712,0.5565
1517,0.8881,0.33399904,0.571
1518,0.9277,0.2813756,0.564
1519,0.8286,0.47259864,0.546
1520,0.7539,0.66637355,0.5015
1521,0.6848,0.86595273,0.489
1522,0.8776,0.3613958,0.548
1523,0.803,0.51482177,0.5445
1524,0.6173,1.2697413,0.455
1525,0.9028,0.31540427,0.5615
1526,0.939,0.26172268,0.569
1527,0.8563,0.399445,0.542
1528,0.9128,0.30250606,0.5705
1529,0.8211,0.45987475,0.5225
1530,0.904,0.3045568,0.5725
1531,0.8228,0.5703637,0.518
1532,0.9365,0.26139715,0.573
1533,0.9151,0.2982029,0.565
1534,0.8822,0.34706753,0.5505
1535,0.83,0.44956124,0.534
1536,0.8603,0.38979158,0.548
1537,0.8998,0.3217753,0.552
1538,0.918,0.29272225,0.5585
1539,0.9306,0.26907074,0.5655
1540,0.8415,0.41589224,0.5405
1541,0.9159,0.29278734,0.5635
1542,0.894,0.32644695,0.5645
1543,0.8978,0.32185033,0.562
1544,0.8799,0.35627604,0.553
1545,0.8676,0.3880976,0.5505
1546,0.8876,0.34486786,0.5445
1547,0.8839,0.35650498,0.545
1548,0.8119,0.47686577,0.533
1549,0.9044,0.31359765,0.56
1550,0.9008,0.30911043,0.5695
1551,0.8782,0.35126618,0.556
1552,0.933,0.26362726,0.57
1553,0.9187,0.28745928,0.5555
1554,0.8977,0.3228022,0.5735
1555,0.9042,0.30664736,0.556
1556,0.9168,0.29283756,0.5575
1557,0.8541,0.40502843,0.53
1558,0.8324,0.4260745,0.5375
1559,0.8312,0.46675467,0.5215
1560,0.8703,0.38338393,0.545
1561,0.916,0.2950361,0.5445
1562,0.9149,0.29180062,0.552
1563,0.8404,0.4386306,0.5215
1564,0.9029,0.3042921,0.5505
1565,0.9145,0.28065145,0.5675
1566,0.7951,0.5508634,0.5265
1567,0.8477,0.40673572,0.5355
1568,0.9073,0.3106134,0.5435
1569,0.9233,0.27702755,0.555
1570,0.7214,0.79367286,0.498
1571,0.8483,0.4318711,0.528
1572,0.8884,0.3332932,0.5545
1573,0.9266,0.2650767,0.556
1574,0.8406,0.4277496,0.5305
1575,0.8733,0.37840265,0.5595
1576,0.9481,0.23331606,0.569
1577,0.8765,0.35628062,0.5405
1578,0.87,0.35652328,0.5375
1579,0.8885,0.3282539,0.5625
1580,0.9414,0.251995,0.5655
1581,0.9292,0.26362064,0.561
1582,0.8175,0.49275956,0.532
1583,0.8977,0.31652212,0.5535
1584,0.4662,2.6233814,0.3555
1585,0.8091,0.5113658,0.54
1586,0.8083,0.51138234,0.545
1587,0.6946,0.99288136,0.472
1588,0.8974,0.31828138,0.537
1589,0.915,0.27953926,0.5585
1590,0.9174,0.27914488,0.5625
1591,0.8355,0.4354089,0.544
1592,0.8563,0.40664312,0.5435
1593,0.8451,0.4055945,0.5335
1594,0.8693,0.35304537,0.542
1595,0.9354,0.25469503,0.5545
1596,0.8961,0.3189139,0.5535
1597,0.9352,0.24914019,0.562
1598,0.8087,0.55508447,0.5015
1599,0.8186,0.4843131,0.517
1600,0.9011,0.303483,0.5705
1601,0.9593,0.21168886,0.569
1602,0.9151,0.29155266,0.534
1603,0.8746,0.34704503,0.559
1604,0.8051,0.52720314,0.522
1605,0.908,0.29399887,0.5555
1606,0.8386,0.4364927,0.527
1607,0.8293,0.45722902,0.5225
1608,0.7867,0.55540895,0.512
1609,0.8586,0.37948593,0.5575
1610,0.907,0.2931704,0.5485
1611,0.7391,0.735464,0.493
1612,0.8427,0.423192,0.521
1613,0.9062,0.29226798,0.562
1614,0.8099,0.5266018,0.5235
1615,0.9214,0.26541618,0.564
1616,0.9321,0.24715433,0.565
1617,0.8619,0.36545336,0.5375
1618,0.9127,0.27895066,0.5625
1619,0.8929,0.31228724,0.5565
1620,0.895,0.30955824,0.5515
1621,0.917,0.27147448,0.5595
1622,0.9339,0.2490008,0.5535
1623,0.9124,0.28102064,0.554
1624,0.8358,0.4782629,0.4995
1625,0.8253,0.49104542,0.5255
1626,0.8346,0.4214918,0.5205
1627,0.9439,0.22707854,0.554
1628,0.8633,0.36544174,0.5525
1629,0.7446,0.81310177,0.512
1630,0.9295,0.2525469,0.5555
1631,0.9445,0.22644605,0.5715
1632,0.8465,0.41021913,0.528
1633,0.8303,0.4424499,0.5365
1634,0.8686,0.36676994,0.531
1635,0.7856,0.61863977,0.536
1636,0.8623,0.37150607,0.542
1637,0.9408,0.22651821,0.567
1638,0.884,0.34468317,0.533
1639,0.9155,0.28105605,0.56
1640,0.9183,0.2673562,0.561
1641,0.9565,0.20927715,0.562
1642,0.9095,0.29220515,0.546
1643,0.8433,0.41436538,0.5255
1644,0.9169,0.2755016,0.54
1645,0.8834,0.33011347,0.5355
1646,0.8827,0.32486224,0.5505
1647,0.9009,0.29705504,0.5395
1648,0.9525,0.21150447,0.556
1649,0.9023,0.29369706,0.557
1650,0.8962,0.3052952,0.5355
1651,0.9315,0.23836951,0.5685
1652,0.8572,0.36004442,0.5405
1653,0.9428,0.22696738,0.5725
1654,0.9431,0.22604313,0.5595
1655,0.9046,0.2792672,0.5565
1656,0.8802,0.33288366,0.547
1657,0.9005,0.2887721,0.534
1658,0.9435,0.21870063,0.569
1659,0.904,0.2877321,0.551
1660,0.9642,0.19219337,0.5605
1661,0.9203,0.2599391,0.5545
1662,0.8518,0.36967596,0.529
1663,0.9275,0.2441295,0.566
1664,0.9433,0.2182937,0.571
1665,0.9647,0.19054407,0.564
1666,0.6737,0.9906501,0.4655
1667,0.9608,0.19466923,0.5675
1668,0.8329,0.4310588,0.525
1669,0.9229,0.2522616,0.5565
1670,0.8901,0.31002724,0.556
1671,0.8851,0.31011972,0.554
1672,0.9559,0.20448719,0.555
1673,0.9458,0.21896492,0.564
1674,0.8269,0.46636075,0.5205
1675,0.9407,0.22201675,0.565
1676,0.9608,0.1917854,0.5575
1677,0.9576,0.19661094,0.5625
1678,0.9009,0.29871932,0.5535
1679,0.9288,0.24009924,0.558
1680,0.9581,0.19524495,0.563
1681,0.9381,0.23128122,0.559
1682,0.912,0.26913092,0.561
1683,0.8325,0.4371884,0.5115
1684,0.9271,0.24501489,0.5555
1685,0.708,0.88951963,0.4805
1686,0.8833,0.3294131,0.538
1687,0.9327,0.23299356,0.5555
1688,0.9334,0.2290311,0.5605
1689,0.8922,0.30958024,0.5465
1690,0.8624,0.37156487,0.5445
1691,0.8969,0.28733656,0.5455
1692,0.9385,0.22660469,0.5555
1693,0.8972,0.3045837,0.55
1694,0.9425,0.22994195,0.5435
1695,0.9267,0.24282348,0.553
1696,0.9387,0.22388679,0.547
1697,0.8733,0.34671402,0.5415
1698,0.9227,0.25281686,0.543
1699,0.9511,0.20926064,0.5495
1700,0.883,0.3239495,0.5375
1701,0.8947,0.29835543,0.549
1702,0.8512,0.4085415,0.522
1703,0.9635,0.18773878,0.563
1704,0.8872,0.31268677,0.529
1705,0.9517,0.20078215,0.553
1706,0.9454,0.20984097,0.5525
1707,0.9523,0.19442233,0.5665
1708,0.9442,0.21141055,0.547
1709,0.9354,0.22860242,0.5475
1710,0.8807,0.309989,0.5285
1711,0.9185,0.25417775,0.534
1712,0.8954,0.28975523,0.552
1713,0.9181,0.25898096,0.5485
1714,0.9114,0.26277697,0.556
1715,0.8813,0.323747,0.5375
1716,0.7895,0.54170775,0.5025
1717,0.9085,0.26175776,0.554
1718,0.9336,0.22550987,0.561
1719,0.964,0.17796482,0.5645
1720,0.8991,0.3038527,0.5345
1721,0.9376,0.21927828,0.561
1722,0.9631,0.18205057,0.5565
1723,0.9258,0.24803597,0.541
1724,0.8217,0.4661307,0.503
1725,0.8677,0.36993295,0.537
1726,0.9194,0.26022786,0.553
1727,0.6291,1.3423492,0.422
1728,0.8478,0.41663632,0.5235
1729,0.9245,0.23722686,0.554
1730,0.9591,0.18240236,0.556
1731,0.9671,0.1701924,0.5575
1732,0.9146,0.24562378,0.549
1733,0.8925,0.29299507,0.541
1734,0.9313,0.22168264,0.5545
1735,0.953,0.19529122,0.552
1736,0.9695,0.16655274,0.558
1737,0.8077,0.46910533,0.5105
1738,0.9673,0.17379336,0.565
1739,0.9564,0.18309127,0.5525
1740,0.961,0.17868932,0.564
1741,0.9696,0.16553171,0.563
1742,0.8926,0.29691646,0.5415
1743,0.942,0.21092144,0.551
1744,0.925,0.23703294,0.549
1745,0.8685,0.3293266,0.5335
1746,0.9526,0.19292986,0.5505
1747,0.9793,0.14255801,0.5635
1748,0.9806,0.14622852,0.563
1749,0.8793,0.32357755,0.5175
1750,0.9676,0.16901211,0.568
1751,0.9069,0.2761501,0.5465
1752,0.9676,0.16972569,0.552
1753,0.9147,0.24348164,0.552
1754,0.9566,0.18297933,0.554
1755,0.9251,0.2259004,0.559
1756,0.9645,0.17166533,0.559
1757,0.9293,0.22815967,0.556
1758,0.9122,0.26279214,0.549
1759,0.8408,0.411471,0.5265
1760,0.9151,0.26386532,0.5435
1761,0.9513,0.18882881,0.554
1762,0.9268,0.23218337,0.5575
1763,0.9701,0.15791504,0.5535
1764,0.8299,0.4600417,0.5205
1765,0.9207,0.2357016,0.5355
1766,0.9005,0.2703022,0.544
1767,0.979,0.14658697,0.5535
1768,0.9505,0.19682407,0.542
1769,0.9206,0.24539961,0.54
1770,0.8966,0.29132608,0.5465
1771,0.978,0.14438275,0.559
1772,0.9561,0.18261111,0.551
1773,0.8539,0.36294,0.542
1774,0.9336,0.21351153,0.553
1775,0.9547,0.1821358,0.555
1776,0.9098,0.25678158,0.541
1777,0.8629,0.38432673,0.5225
1778,0.9752,0.14821628,0.556
1779,0.9023,0.27305412,0.5495
1780,0.962,0.17542556,0.557
1781,0.8226,0.48191357,0.531
1782,0.9819,0.13755037,0.557
1783,0.9714,0.15262546,0.5655
1784,0.9517,0.1864821,0.563
1785,0.9405,0.2016649,0.542
1786,0.9359,0.2126399,0.553
1787,0.9398,0.19929919,0.5555
1788,0.9389,0.20361218,0.558
1789,0.9039,0.26032877,0.5365
1790,0.9552,0.18088329,0.5495
1791,0.9258,0.23084888,0.543
1792,0.9365,0.20914285,0.554
1793,0.9815,0.13406414,0.564
1794,0.9736,0.14934763,0.5705
1795,0.883,0.31863979,0.5345
1796,0.9337,0.21027939,0.561
1797,0.9805,0.13473845,0.566
1798,0.9611,0.1695505,0.552
1799,0.9493,0.18171787,0.557
1800,0.9782,0.14054158,0.558
1801,0.967,0.16030766,0.5615
1802,0.976,0.14621,0.5565
1803,0.9245,0.22151001,0.547
1804,0.9514,0.17638987,0.558
1805,0.9725,0.14978105,0.5645
1806,0.9842,0.12542161,0.5585
1807,0.9719,0.14536697,0.562
1808,0.7091,0.7970963,0.4545
1809,0.9471,0.19144288,0.555
1810,0.9486,0.19026755,0.5365
1811,0.9777,0.13919316,0.561
1812,0.9607,0.1635005,0.5545
1813,0.9173,0.2270338,0.5395
1814,0.9726,0.1451154,0.5565
1815,0.9562,0.17695506,0.5565
1816,0.9816,0.13318613,0.5585
1817,0.9769,0.14239632,0.5585
1818,0.771,0.63788944,0.5095
1819,0.9808,0.13481964,0.5635
1820,0.9664,0.155626,0.555
1821,0.9577,0.16951738,0.5525
1822,0.8531,0.36164355,0.5155
1823,0.9856,0.12158867,0.555
1824,0.9435,0.19485202,0.538
1825,0.9875,0.11780194,0.557
1826,0.9321,0.20678452,0.5475
1827,0.9394,0.20001233,0.5535
1828,0.9191,0.23297827,0.532
1829,0.9738,0.14539947,0.556
1830,0.9833,0.12545948,0.5615
1831,0.9725,0.14432092,0.556
1832,0.8202,0.52980936,0.49
1833,0.8214,0.5036595,0.5085
1834,0.9809,0.1280517,0.5595
1835,0.8332,0.43747583,0.534
1836,0.9611,0.166651,0.5495
1837,0.9112,0.25332206,0.514
1838,0.9832,0.122653954,0.562
1839,0.9837,0.12595715,0.558
1840,0.9812,0.12413722,0.5675
1841,0.8222,0.5461102,0.516
1842,0.979,0.12877055,0.5555
1843,0.9196,0.2353523,0.543
1844,0.8276,0.4770348,0.5155
1845,0.95,0.18442549,0.544
1846,0.9845,0.120667286,0.5615
1847,0.928,0.22201885,0.5395
1848,0.9569,0.16380017,0.5585
1849,0.9091,0.24973497,0.5375
1850,0.863,0.3911152,0.529
1851,0.9784,0.13289423,0.559
1852,0.9604,0.1592609,0.556
1853,0.9648,0.1547378,0.551
1854,0.986,0.1193251,0.558
1855,0.9163,0.23774546,0.5395
1856,0.9568,0.16131878,0.555
1857,0.9742,0.13783768,0.5635
1858,0.987,0.11257632,0.564
1859,0.9733,0.1408942,0.5475
1860,0.9771,0.1310595,0.56
1861,0.9737,0.1368224,0.5505
1862,0.9832,0.121967115,0.551
1863,0.9717,0.14165616,0.564
1864,0.9468,0.17350286,0.553
1865,0.9738,0.13953964,0.5615
1866,0.8401,0.4471443,0.516
1867,0.9626,0.15326306,0.5495
1868,0.9577,0.16220738,0.549
1869,0.8995,0.27586797,0.541
1870,0.9826,0.12418887,0.5475
1871,0.9462,0.18082263,0.557
1872,0.9857,0.11230633,0.562
1873,0.9055,0.2500228,0.5485
1874,0.9471,0.17622717,0.551
1875,0.991,0.10483406,0.5585
1876,0.9837,0.117935084,0.5505
1877,0.9063,0.25508717,0.542
1878,0.97,0.13613401,0.5555
1879,0.9872,0.11180849,0.5595
1880,0.9358,0.20119965,0.5405
1881,0.9824,0.117266394,0.556
1882,0.967,0.14608875,0.566
1883,0.971,0.13881107,0.554
1884,0.9889,0.10701675,0.556
1885,0.7792,0.62667346,0.507
1886,0.9902,0.10271128,0.5615
1887,0.9807,0.12495941,0.5465
1888,0.9516,0.16747704,0.5615
1889,0.9846,0.11943974,0.5605
1890,0.9438,0.18750054,0.5375
1891,0.9862,0.11285824,0.5585
1892,0.8322,0.488133,0.5295
1893,0.9872,0.10479694,0.5615
1894,0.9739,0.13197164,0.5505
1895,0.8421,0.3991027,0.5185
1896,0.9865,0.10969255,0.5565
1897,0.9324,0.20547496,0.552
1898,0.8999,0.25824106,0.5435
1899,0.8744,0.32909706,0.538
1900,0.9755,0.12979631,0.5565
1901,0.9832,0.11317581,0.556
1902,0.8304,0.4075842,0.509
1903,0.8981,0.26069453,0.531
1904,0.9884,0.107070275,0.555
1905,0.9802,0.124014966,0.545
1906,0.9805,0.1164479,0.5605
1907,0.902,0.26607865,0.535
1908,0.8726,0.323057,0.542
1909,0.9604,0.1535711,0.552
1910,0.9885,0.10558267,0.5615
1911,0.9783,0.12687534,0.552
1912,0.9759,0.12590683,0.5545
1913,0.9308,0.21141472,0.544
1914,0.9683,0.14144543,0.5585
1915,0.9908,0.09819864,0.562
1916,0.9697,0.14078936,0.56
1917,0.9867,0.105300486,0.555
1918,0.9836,0.11210763,0.5535
1919,0.9777,0.12236312,0.5625
1920,0.9787,0.12164177,0.5595
1921,0.7922,0.53365546,0.502
1922,0.9726,0.13083665,0.549
1923,0.9931,0.0894518,0.5575
1924,0.9925,0.09052761,0.5565
1925,0.9851,0.110608436,0.5475
1926,0.9888,0.09771528,0.5585
1927,0.9407,0.19160044,0.545
1928,0.9474,0.17263101,0.553
1929,0.9695,0.13495675,0.5565
1930,0.9775,0.12198616,0.5555
1931,0.8854,0.30661651,0.5415
1932,0.9888,0.09905006,0.554
1933,0.9621,0.14657383,0.5395
1934,0.9319,0.19790392,0.532
1935,0.9862,0.10338849,0.5605
1936,0.9551,0.16239972,0.544
1937,0.9926,0.09261418,0.554
1938,0.9799,0.11499565,0.5515
1939,0.9815,0.11220862,0.5525
1940,0.9537,0.16326503,0.552
1941,0.9244,0.21232437,0.5465
1942,0.9692,0.13685235,0.5495
1943,0.9042,0.26743466,0.541
1944,0.9835,0.11369425,0.5495
1945,0.9846,0.10981715,0.555
1946,0.981,0.11644885,0.5505
1947,0.8985,0.27461863,0.5325
1948,0.9368,0.18445624,0.5555
1949,0.9529,0.15787975,0.5445
1950,0.9894,0.098602414,0.552
1951,0.9842,0.112924576,0.554
1952,0.9796,0.11411736,0.555
1953,0.9887,0.097459875,0.5605
1954,0.9592,0.15334013,0.538
1955,0.9683,0.12883094,0.55
1956,0.972,0.13089055,0.5505
1957,0.9834,0.10310213,0.555
1958,0.8731,0.33591205,0.531
1959,0.9659,0.13631998,0.5465
1960,0.982,0.10751282,0.5575
1961,0.9932,0.08289406,0.5605
1962,0.8785,0.3074648,0.5445
1963,0.949,0.17916644,0.5335
1964,0.98,0.11636245,0.55
1965,0.9802,0.112850755,0.5575
1966,0.8506,0.3651248,0.518
1967,0.9693,0.13717166,0.5555
1968,0.9932,0.084425606,0.5565
1969,0.9785,0.11755767,0.5465
1970,0.9918,0.09008537,0.5495
1971,0.9944,0.07978549,0.563
1972,0.9818,0.107938536,0.5505
1973,0.9876,0.0971852,0.5465
1974,0.9924,0.089316756,0.552
1975,0.9899,0.093352176,0.555
1976,0.9401,0.17506894,0.552
1977,0.9823,0.10803113,0.557
1978,0.9863,0.09789458,0.5545
1979,0.9243,0.20567407,0.5485
1980,0.9938,0.08059742,0.561
1981,0.9833,0.10839685,0.5595
1982,0.7708,0.6938244,0.49
1983,0.9878,0.099558644,0.5495
1984,0.9319,0.1914595,0.546
1985,0.9897,0.098825425,0.558
1986,0.9844,0.102250315,0.5505
1987,0.8865,0.30273432,0.55
1988,0.9658,0.13326506,0.5495
1989,0.9941,0.08524453,0.5615
1990,0.9675,0.13499103,0.5545
1991,0.9889,0.09250962,0.562
1992,0.9836,0.104163915,0.5565
1993,0.9768,0.11631922,0.5585
1994,0.9932,0.0805776,0.5645
1995,0.993,0.08644124,0.5575
1996,0.9891,0.09316431,0.56
1997,0.993,0.08216428,0.5525
1998,0.9468,0.1618864,0.5555
1999,0.9901,0.0907567,0.5535
